date,yield_10y_change,yield_30y_change,spread_10y_2y,spread_30y_10y,dr007_change,omo_net_injection_amount,avg_futures_return,avg_volume_change,avg_ai_sentiment_score,score_rate_direction,score_curve_shape,score_funding,score_omo,score_futures_volume_price,score_text_signal,score_macro,total_score,market_view
2025-10-09,-0.013900000000000023,0.016799999999999926,0.40235,0.4163000000000001,-0.10000000000000009,,0.001759350783094471,-0.16012966682844343,0.0,2.0,0.0,1.0,0.0,0.0,0.0,0.0,3.0,bullish
2025-10-10,-0.0005999999999999339,0.020000000000000018,0.3990499999999999,0.43690000000000007,-0.050000000000000044,,-0.0017574612213252516,0.01215156160510794,0.0,0.0,0.0,1.0,0.0,-1.0,0.0,0.0,0.0,neutral
2025-10-13,-0.00770000000000004,-0.010000000000000231,0.39054999999999995,0.4345999999999999,0.0,,0.0012789883582776107,0.15809428814179888,0.0,0.0,0.0,0.0,0.0,1.0,0.0,0.0,1.0,neutral
2025-10-14,-0.0015000000000000568,-0.0051000000000001044,0.3771500000000001,0.4309999999999998,0.0,,0.0014343618999407837,0.23723977541615673,0.0,0.0,0.0,0.0,0.0,1.0,0.0,0.0,1.0,neutral
2025-10-15,0.008099999999999996,-0.00749999999999984,0.37745000000000006,0.4154,-0.030000000000000027,,-0.0005797567770306489,-0.2744399215026438,0.0,0.0,0.0,1.0,0.0,0.0,0.0,0.0,1.0,neutral
2025-10-16,-0.0041999999999999815,-0.018899999999999917,0.37224999999999997,0.40070000000000006,0.010000000000000009,-3760.0,0.0011504725747254474,-0.0990911117190931,0.0,0.0,0.0,0.0,-1.0,0.0,0.0,0.0,-1.0,neutral
2025-10-17,-0.016100000000000003,-0.0411999999999999,0.3459000000000001,0.37560000000000016,-0.030000000000000027,-2442.0,0.002361344643529717,0.08818387378725942,0.0,2.0,0.5,1.0,-1.0,1.0,0.0,0.0,3.5,bullish
2025-10-20,0.02520000000000011,0.016000000000000014,0.3461500000000002,0.36640000000000006,0.050000000000000044,512.0,-0.0016778701243220229,0.08636480911869089,0.0,-2.0,0.5,-1.0,1.0,-1.0,0.0,0.0,-2.5,bearish
2025-10-21,-0.014100000000000001,-0.029100000000000126,0.33330000000000015,0.35139999999999993,-0.010000000000000009,685.0,0.0007352030106786422,-0.0602789364658259,0.0,2.0,0.5,0.0,1.0,0.0,0.0,0.0,3.5,bullish
2025-10-22,-0.006400000000000183,-0.004999999999999893,0.3232499999999998,0.3528000000000002,0.0,947.0,0.0004024114959038094,-0.10015467466989637,0.0,0.0,0.5,0.0,1.0,0.0,0.0,0.0,1.5,neutral
2025-10-23,0.009800000000000031,0.012499999999999734,0.3346500000000001,0.3554999999999999,0.0,-235.0,-0.0013369696632693218,0.29725706128096385,0.0,0.0,0.5,0.0,0.0,-1.0,0.0,0.0,-0.5,neutral
2025-10-24,0.009500000000000064,0.018000000000000238,0.34809999999999985,0.3640000000000001,-0.040000000000000036,32.0,-0.0009218862475910972,-0.14751391890936671,0.0,0.0,0.5,1.0,0.0,0.0,0.0,0.0,1.5,neutral
2025-10-27,-0.006299999999999972,-0.009500000000000064,0.3528,0.3608,0.20000000000000018,1483.0,0.0016140993938953963,0.1011480285634453,0.0,0.0,0.0,-1.0,1.0,1.0,0.0,0.0,1.0,neutral
2025-10-28,-0.024399999999999977,-0.03310000000000013,0.36959999999999993,0.35209999999999986,-0.050000000000000044,3158.0,0.002573226842102372,0.13899853492589945,0.0,2.0,0.0,1.0,1.0,1.0,0.0,0.0,5.0,bullish
2025-10-29,0.0028999999999999027,0.007000000000000117,0.4122000000000001,0.35620000000000007,0.0,4195.0,0.00031514669975094,0.2802332180406915,0.0,0.0,0.0,0.0,1.0,1.0,0.0,0.0,2.0,bullish
2025-10-30,-0.010999999999999899,-0.014499999999999957,0.41165000000000007,0.3527,-0.040000000000000036,1301.0,0.0005769574691007195,-0.2673661682231839,0.0,2.0,0.0,1.0,1.0,0.0,0.0,0.0,4.0,bullish
2025-10-31,-0.014399999999999968,-0.019400000000000084,0.39680000000000004,0.3476999999999999,-0.020000000000000018,1871.0,0.0010952955947771403,-0.09590028566005931,0.0,2.0,0.0,0.0,1.0,0.0,0.0,0.5,3.5,bullish
2025-11-03,-0.001000000000000112,-0.00550000000000006,0.3892500000000001,0.34319999999999995,-0.06000000000000005,-2590.0,-0.00034774444259799697,-0.05565821963985657,0.0,0.0,0.0,1.0,-1.0,0.0,0.0,0.5,0.5,neutral
2025-11-04,0.0040000000000000036,0.0045000000000001705,0.38654999999999995,0.3437000000000001,-0.010000000000000009,-3578.0,3.2728167268680775e-05,-0.09065028657675629,0.0,0.0,0.0,0.0,-1.0,0.0,0.0,0.5,-0.5,neutral
2025-11-05,-0.0020000000000000018,-0.0030000000000001137,0.37180000000000013,0.3427,0.010000000000000009,-4922.0,-0.0002638016147919753,-0.08035966850194262,0.0,0.0,0.0,0.0,-1.0,0.0,0.0,0.5,-0.5,neutral
2025-11-06,0.013600000000000056,0.020500000000000185,0.38549999999999995,0.34960000000000013,0.0,-2498.0,-0.000990184152965562,0.19112519566626973,0.0,-2.0,0.0,0.0,-1.0,-1.0,0.0,0.5,-3.5,bearish
2025-11-07,0.0041999999999999815,-0.0015000000000000568,0.38949999999999996,0.3439000000000001,-0.020000000000000018,-2134.0,-0.0007943250503234245,-0.03868018975469293,0.0,0.0,0.0,0.0,-1.0,0.0,0.0,0.5,-0.5,neutral
2025-11-10,-0.00029999999999996696,-0.010499999999999954,0.39175000000000004,0.3337000000000001,0.09000000000000008,416.0,0.0005991472561024669,0.021641080693366156,0.0,0.0,0.0,-1.0,0.0,1.0,0.0,0.5,0.5,neutral
2025-11-11,-0.0020000000000000018,0.006099999999999994,0.3903000000000001,0.3418000000000001,0.0,2863.0,-2.1003749910764036e-05,-0.05599515157286898,0.0,0.0,0.0,0.0,1.0,0.0,0.0,0.5,1.5,neutral
2025-11-12,-0.0048000000000001375,-0.010600000000000165,0.38359999999999994,0.3360000000000001,-0.010000000000000009,1300.0,0.0004058600185414818,-0.0512414417498583,0.0,0.0,0.0,0.0,1.0,0.0,0.0,0.5,1.5,neutral
2025-11-13,0.00550000000000006,0.005999999999999783,0.38785000000000003,0.3364999999999998,-0.010000000000000009,972.0,-0.0011155906693878503,0.15224095981585428,0.0,0.0,0.0,0.0,1.0,-1.0,0.0,0.5,0.5,neutral
2025-11-14,0.0014000000000000679,-0.0009999999999998899,0.3889499999999999,0.33409999999999984,-0.020000000000000018,711.0,3.325754564215133e-05,0.16260134367476942,0.0,0.0,0.0,0.0,1.0,1.0,0.0,0.5,2.5,bullish
2025-11-17,-0.0031000000000001027,-0.008999999999999897,0.38864999999999994,0.32820000000000005,0.07000000000000006,1631.0,0.0012504591101857865,-0.022092387433268246,0.0,0.0,0.0,-1.0,1.0,0.0,0.0,0.5,0.5,neutral
2025-11-18,0.0012000000000000899,-0.0009999999999998899,0.39025,0.32600000000000007,-0.010000000000000009,37.0,0.00033104016403645575,0.04278013309845241,0.0,0.0,0.0,0.0,0.0,1.0,0.0,0.5,1.5,neutral
2025-11-19,0.005800000000000027,0.012499999999999734,0.3972499999999999,0.3326999999999998,0.0,1150.0,-0.0013298363249263923,0.016339919310122554,0.0,0.0,0.0,0.0,1.0,-1.0,0.0,0.5,0.5,neutral
2025-11-20,-0.0044000000000001815,0.0024999999999999467,0.39369999999999994,0.3395999999999999,-0.030000000000000027,1100.0,-0.00020850117799262047,0.20384518072661142,0.0,0.0,0.0,1.0,1.0,-1.0,0.0,0.5,1.5,neutral
2025-11-21,0.0031000000000001027,0.0045000000000001705,0.3987999999999998,0.34099999999999997,-0.030000000000000027,1622.0,-0.001026546316612309,-0.012636436937674968,0.0,0.0,0.0,1.0,1.0,0.0,0.0,0.5,2.5,bullish
2025-11-24,0.0043999999999999595,0.0009999999999998899,0.4018999999999999,0.3375999999999999,0.06000000000000005,557.0,0.0008260781309235021,-0.03830851185196479,0.0,0.0,0.0,-1.0,1.0,0.0,0.0,0.5,0.5,neutral
2025-11-25,0.009100000000000108,0.01650000000000018,0.4106000000000001,0.345,-0.07000000000000006,-1054.0,-0.0010155792030142607,0.29033897205227516,0.0,0.0,0.0,1.0,-1.0,-1.0,0.0,0.5,-0.5,neutral
2025-11-26,0.016100000000000003,0.01750000000000007,0.42445,0.34640000000000004,0.050000000000000044,-972.0,-0.003729050663172584,0.026916019412253467,0.0,-2.0,0.0,-1.0,-1.0,-1.0,0.0,0.5,-4.5,bearish
2025-11-27,0.00749999999999984,0.00749999999999984,0.42399999999999993,0.34640000000000004,0.0,564.0,-0.00017670877747819058,-0.2576284184805429,0.0,0.0,0.0,0.0,1.0,0.0,0.0,0.5,1.5,neutral
2025-11-28,-0.012499999999999956,-0.015000000000000124,0.42279999999999984,0.3438999999999999,0.0,-737.0,9.039071396566012e-05,-0.06922451394174209,0.0,2.0,0.0,0.0,-1.0,0.0,0.0,0.5,1.5,neutral
2025-12-01,-0.0045999999999999375,0.0050000000000003375,0.41315000000000013,0.35350000000000015,-0.040000000000000036,-2311.0,0.000424292353952499,0.057909996123454544,0.0,0.0,0.0,1.0,-1.0,1.0,0.0,0.5,1.5,neutral
2025-12-02,0.007600000000000051,0.01499999999999968,0.4217000000000002,0.3608999999999998,-0.010000000000000009,-1458.0,-0.0016474767592330186,0.08157540212303158,0.0,0.0,0.0,0.0,-1.0,-1.0,0.0,0.5,-1.5,neutral
2025-12-03,0.00770000000000004,0.03000000000000025,0.4296500000000001,0.3832,0.0,-1340.0,-0.00026717339694978803,0.0025134632865800727,0.0,0.0,0.0,0.0,-1.0,-1.0,0.0,0.5,-1.5,neutral
2025-12-04,0.019899999999999807,0.040999999999999925,0.4522499999999998,0.4043000000000001,0.0,-1756.0,-0.004197914379451273,0.7593923359652015,0.0,-2.0,0.0,0.0,-1.0,-1.0,0.0,0.5,-3.5,bearish
2025-12-05,-0.02379999999999982,-0.019000000000000128,0.43695000000000017,0.4090999999999998,-0.020000000000000018,-1615.0,0.0009582105923749418,-0.259812323817127,0.0,2.0,0.0,0.0,-1.0,0.0,0.0,0.5,1.5,neutral
2025-12-08,0.0019000000000000128,0.0005999999999999339,0.4414500000000001,0.4077999999999997,0.050000000000000044,147.0,-0.0007101733670005494,0.04426498708636777,0.0,0.0,0.0,-1.0,0.0,-1.0,0.0,0.5,-1.5,neutral
2025-12-09,-0.007400000000000073,-0.004999999999999893,0.4375,0.4101999999999999,-0.010000000000000009,-390.0,0.0016290459003411861,-0.2535342549745507,0.0,0.0,0.0,0.0,0.0,0.0,0.0,0.5,0.5,neutral
2025-12-10,0.0021999999999999797,-0.011499999999999844,0.4417,0.3965000000000001,-0.020000000000000018,1105.0,0.0011245163041789241,0.04770571981871284,0.0,0.0,0.0,0.0,1.0,1.0,0.0,0.5,2.5,bullish
2025-12-11,-0.0042999999999999705,-0.016000000000000014,0.44100000000000006,0.38480000000000003,0.020000000000000018,-622.0,0.0015743684732695828,0.04789657862122975,0.0,0.0,0.0,-1.0,-1.0,1.0,0.0,0.5,-0.5,neutral
2025-12-12,-0.0008000000000001339,0.023499999999999854,0.4376,0.4091,0.010000000000000009,-193.0,-0.0023239482905465514,0.22267083739711893,0.0,0.0,0.0,0.0,0.0,-1.0,0.0,0.5,-0.5,neutral
2025-12-15,0.009200000000000097,0.03049999999999997,0.4444999999999999,0.4303999999999999,0.0,86.0,-0.0028551731149455972,0.03867289859453234,0.0,-2.0,0.0,0.0,0.0,-1.0,0.0,0.5,-2.5,bearish
2025-12-16,-0.0029999999999998916,0.0009999999999998899,0.44405000000000006,0.4343999999999997,-0.010000000000000009,180.0,-0.00031084575686352034,-0.1266479393957463,0.0,0.0,0.0,0.0,0.0,0.0,0.0,0.5,0.5,neutral
2025-12-17,-0.011800000000000033,-0.03799999999999981,0.4373500000000001,0.4081999999999999,0.0,-1430.0,0.0019896093310661778,-0.17022520335129,0.0,2.0,0.0,0.0,-1.0,0.0,0.0,0.5,1.5,neutral
2025-12-18,0.0015999999999998238,0.008999999999999897,0.44894999999999996,0.41559999999999997,-0.020000000000000018,-186.0,0.0006587528530535014,0.1045035699516279,0.0,0.0,0.0,0.0,0.0,1.0,0.0,0.5,1.5,neutral
2025-12-19,-0.0047999999999999154,-0.0259999999999998,0.4563999999999999,0.3944000000000001,0.0,-205.0,0.0011491653935712942,-0.12160106575638048,0.0,0.0,0.0,0.0,0.0,0.0,0.0,0.5,0.5,neutral
2025-12-22,0.010699999999999932,0.016000000000000014,0.4665999999999999,0.39970000000000017,-0.010000000000000009,-636.0,-0.0011139297984900376,0.21731080649973414,0.0,-2.0,0.0,0.0,-1.0,-1.0,0.0,0.5,-3.5,bearish
2025-12-23,-0.006299999999999972,-0.018000000000000238,0.47129999999999983,0.3879999999999999,-0.020000000000000018,-760.0,0.0034525628926367347,0.1536751553155156,0.0,0.0,0.0,0.0,-1.0,1.0,0.0,0.5,0.5,neutral
2025-12-24,0.00039999999999995595,-0.0029999999999996696,0.4777999999999998,0.3846000000000003,-0.040000000000000036,-208.0,7.850199444744965e-05,-0.26700709023378827,0.0,0.0,0.0,1.0,0.0,0.0,0.0,0.5,1.5,neutral
2025-12-25,0.0030000000000001137,0.004999999999999893,0.5009000000000001,0.38660000000000005,0.10000000000000009,771.0,-0.0007662568892771726,-0.07432738656537781,0.0,0.0,0.0,-1.0,1.0,0.0,0.0,0.5,0.5,neutral
2025-12-26,-0.001000000000000112,-0.0019000000000000128,0.51265,0.38570000000000015,-0.030000000000000027,-70.0,0.0013339135483221853,0.14697444048867464,0.0,0.0,0.0,1.0,0.0,1.0,0.0,0.5,2.5,bullish
2025-12-29,0.02080000000000015,0.03500000000000014,0.5042,0.39990000000000014,0.1089,4150.0,-0.0036046243596697947,0.5046143526316011,0.0,-2.0,0.0,-1.0,1.0,-1.0,0.0,0.5,-2.5,bearish
2025-12-30,-0.00019999999999997797,0.0044999999999997264,0.5006000000000002,0.40459999999999985,0.29110000000000014,2532.0,0.00036347808610973087,-0.28038525903685646,0.0,0.0,0.0,-1.0,1.0,0.0,0.0,0.5,0.5,neutral
2025-12-31,-0.010900000000000132,0.0045999999999999375,0.48719999999999986,0.4200999999999999,0.1499999999999999,5028.0,-0.001227135834711568,0.15765087339266343,0.0,2.0,0.0,-1.0,1.0,-1.0,0.0,0.0,1.0,neutral
2026-01-05,0.01110000000000011,0.014800000000000146,0.47714999999999996,0.42379999999999995,-0.5900000000000001,-4688.0,-0.00020231969103362557,-0.06992003757677444,0.0,-2.0,0.0,1.0,-1.0,0.0,0.0,0.0,-2.0,bearish
2026-01-06,0.024499999999999966,0.028200000000000003,0.48449999999999993,0.4275,-0.010000000000000009,-2963.0,-0.0014827860075235788,0.07014945796944594,0.0,-2.0,0.0,0.0,-1.0,-1.0,0.0,0.0,-4.0,bearish
2026-01-07,0.018999999999999906,0.024099999999999788,0.48629999999999995,0.4325999999999999,0.050000000000000044,-5002.0,-0.001526452600492334,0.08937331005286156,0.0,-2.0,0.0,-1.0,-1.0,-1.0,0.0,0.0,-5.0,bearish
2026-01-08,-0.011399999999999855,-0.015499999999999847,0.4998500000000001,0.4284999999999999,0.020000000000000018,,0.0015940888703151468,-0.0887458612260394,0.0,2.0,0.0,-1.0,0.0,0.0,0.0,0.0,1.0,neutral
2026-01-09,-0.012299999999999978,-0.016599999999999948,0.5035500000000002,0.4241999999999999,0.0,,-0.00037300607544205056,-0.15745595968796042,0.0,2.0,0.0,0.0,0.0,0.0,0.0,0.0,2.0,bullish
2026-01-12,-0.01970000000000005,-0.010400000000000187,0.5016,0.4334999999999998,0.010000000000000009,726.0,0.0010416211534438058,0.07299793836840016,0.0,2.0,0.0,0.0,1.0,1.0,0.0,0.0,4.0,bullish
2026-01-13,-0.006599999999999939,0.000600000000000378,0.49365000000000014,0.4407000000000001,0.050000000000000044,3424.0,0.0009415892728149022,-0.18400300343633372,0.0,0.0,0.0,-1.0,1.0,0.0,0.0,0.0,0.0,neutral
2026-01-14,-0.0025000000000001688,0.010199999999999765,0.48324999999999974,0.4534,0.020000000000000018,2122.0,0.000206772440718761,0.3750823206778805,0.0,0.0,0.0,-1.0,1.0,1.0,0.0,0.0,1.0,neutral
2026-01-15,0.0050000000000001155,0.0030000000000001137,0.49960000000000004,0.4514,-0.06000000000000005,1694.0,0.00039853368187264815,0.059828781804134035,0.0,0.0,0.0,1.0,1.0,1.0,0.0,0.0,3.0,bullish
2026-01-16,-0.01200000000000001,-0.002200000000000202,0.5068999999999999,0.46119999999999983,-0.07000000000000006,527.0,-8.299863164362709e-06,-0.12922432454328256,0.0,2.0,0.0,1.0,1.0,0.0,0.0,0.0,4.0,bullish
2026-01-19,-0.0031000000000001027,0.03810000000000002,0.4791000000000001,0.5024,0.06000000000000005,722.0,-0.0006672943407533272,-0.25557578064954667,0.0,0.0,0.0,-1.0,1.0,0.0,0.0,0.0,0.0,neutral
2026-01-20,-0.006699999999999928,-0.006599999999999717,0.4859,0.5025000000000002,0.010000000000000009,-346.0,0.0019848632464605775,0.23968087827575157,0.0,0.0,0.0,0.0,0.0,1.0,0.0,0.0,1.0,neutral
2026-01-21,-0.0014000000000000679,-0.032500000000000195,0.4775999999999998,0.47140000000000004,0.0,1227.0,0.0019601534710142476,0.03413887624091307,0.0,0.0,0.0,0.0,1.0,1.0,0.0,0.0,2.0,bullish
2026-01-22,0.011300000000000088,0.00749999999999984,0.4841500000000001,0.4675999999999998,0.010000000000000009,309.0,-0.0004700751359901223,-0.19443268107036166,0.0,-2.0,0.0,0.0,0.0,0.0,0.0,0.0,-2.0,bearish
2026-01-23,-0.012699999999999934,-0.022999999999999687,0.4777,0.45730000000000004,-0.010000000000000009,383.0,0.00037801441219659226,0.23941353510431576,0.0,2.0,0.0,0.0,0.0,1.0,0.0,0.0,3.0,bullish
2026-01-26,-0.005600000000000049,-0.017100000000000115,0.4668000000000001,0.4458,0.07000000000000006,-78.0,0.00032597599391570586,-0.08942318528726725,0.0,0.0,0.0,-1.0,0.0,0.0,0.0,0.0,-1.0,neutral
2026-01-27,0.006899999999999906,0.015000000000000124,0.46809999999999996,0.4539000000000002,0.020000000000000018,780.0,-0.0008207264346034859,0.0801509979115339,0.0,0.0,0.0,0.0,1.0,-1.0,0.0,0.0,0.0,neutral
2026-01-28,-0.014699999999999935,-0.008000000000000007,0.4557500000000001,0.4606000000000001,0.010000000000000009,140.0,0.0004651905769091358,-0.08220710982129778,0.0,2.0,0.0,0.0,0.0,0.0,0.0,0.0,2.0,bullish
2026-01-29,0.0009999999999998899,0.0029999999999996696,0.4638499999999999,0.4625999999999999,-0.010000000000000009,1438.0,0.000362263749184355,0.2737310165218367,0.0,0.0,0.0,0.0,1.0,1.0,0.0,0.0,2.0,bullish
2026-01-30,-0.006199999999999983,0.009000000000000341,0.46055,0.4778000000000002,0.020000000000000018,3525.0,-0.000417246157479928,-0.0348053652740212,0.0,0.0,0.0,0.0,1.0,0.0,0.0,0.0,1.0,neutral
2026-02-02,0.008800000000000141,-0.008000000000000007,0.4663999999999999,0.4610000000000001,-0.1100000000000001,-755.0,0.00032384213634714665,0.1553196848398189,0.0,-2.0,0.0,1.0,-1.0,1.0,0.0,0.5,-0.5,neutral
2026-02-03,-0.0028000000000001357,-0.001000000000000334,0.4688999999999999,0.4627999999999999,0.010000000000000009,-2965.0,2.7332666351381762e-05,-0.05750566861803002,0.0,0.0,0.0,0.0,-1.0,0.0,0.0,0.5,-0.5,neutral
2026-02-04,0.0020999999999999908,0.0030000000000001137,0.4705999999999999,0.4637,0.0,-3025.0,-0.0007486997037327858,0.0038017754164065467,0.0,0.0,0.0,0.0,-1.0,-1.0,0.0,0.5,-1.5,neutral
2026-02-05,-0.0023999999999999577,-0.01200000000000001,0.47140000000000004,0.45409999999999995,0.0,-540.0,0.0014447699100967881,0.10310569112925667,0.0,0.0,0.0,0.0,-1.0,1.0,0.0,0.5,0.5,neutral
2026-02-06,-0.006699999999999928,-0.020000000000000018,0.45940000000000003,0.44079999999999986,-0.020000000000000018,-1775.0,0.00137549529793074,-0.05453285491656737,0.0,0.0,0.0,0.0,-1.0,0.0,0.0,0.5,-0.5,neutral
2026-02-09,0.0011999999999998678,-0.0029999999999996696,0.46435000000000004,0.4366000000000003,0.07000000000000006,380.0,0.0008080180110506818,0.06127350538883503,0.0,0.0,0.0,-1.0,0.0,1.0,0.0,0.5,0.5,neutral
2026-02-10,-0.0020000000000000018,-0.001000000000000334,0.4624499999999998,0.4376,-0.02639999999999998,2059.0,7.830999608060552e-05,-0.15396206733337986,0.0,0.0,0.0,1.0,1.0,0.0,0.0,0.5,2.5,bullish
2026-02-11,-0.009999999999999787,-0.0015000000000000568,0.4529500000000002,0.4460999999999997,-0.01849999999999996,3250.0,0.00040260960498844645,0.2808557568381709,0.0,2.0,0.0,0.0,1.0,1.0,0.0,0.5,4.5,bullish
2026-02-12,-0.01010000000000022,0.000500000000000167,0.44314999999999993,0.4567000000000001,0.00019999999999997797,1000.0,-4.5963977161583847e-05,-0.14252883043880657,0.0,2.0,0.0,0.0,1.0,0.0,0.0,0.5,3.5,bullish
2026-02-13,0.0035000000000000586,-0.0019999999999997797,0.44635,0.45120000000000027,-0.03530000000000011,-1550.0,-0.0003437075030990888,0.29095228396569783,0.0,0.0,0.0,1.0,-1.0,-1.0,0.0,0.5,-0.5,neutral
2026-02-24,0.009500000000000064,-0.00140000000000029,0.4576,0.4402999999999999,0.0818000000000001,,0.001319036131943896,0.07898954763879848,0.0,-2.0,0.0,-1.0,0.0,1.0,0.0,0.5,-1.5,neutral
2026-02-25,0.013500000000000068,0.012399999999999967,0.4646000000000001,0.4391999999999998,-0.05180000000000007,,-0.0018928565415642362,0.24610072453751694,0.0,-2.0,0.0,1.0,0.0,-1.0,0.0,0.5,-1.5,neutral
2026-02-26,0.0129999999999999,0.04010000000000025,0.47240000000000015,0.46630000000000016,-0.030000000000000027,,-0.0018583984579075563,-0.26541839447710774,0.0,-2.0,0.0,1.0,0.0,0.0,0.0,0.5,-0.5,neutral
2026-02-27,-0.041099999999999914,-0.00550000000000006,0.4356,0.5019,0.030000000000000027,,9.486835450930875e-05,-0.1784238650108737,0.0,2.0,0.0,-1.0,0.0,0.0,0.0,0.5,1.5,neutral
2026-03-02,-0.011600000000000055,-0.020000000000000018,0.43510000000000004,0.49350000000000005,-0.040000000000000036,,0.001968487907570482,-0.022074698057430876,0.0,2.0,0.0,1.0,0.0,0.0,0.0,0.5,3.5,bullish
2026-03-03,0.0045999999999999375,0.013100000000000112,0.4483999999999999,0.5020000000000002,-0.010000000000000009,-4917.0,0.00019506425305970687,-0.11752218055919081,0.0,0.0,0.0,0.0,-1.0,0.0,0.0,0.5,-0.5,neutral
2026-03-04,-0.0039000000000000146,-0.007500000000000284,0.45189999999999997,0.49839999999999995,-0.020000000000000018,-3690.0,0.00035926562334684387,0.24209262650905228,0.0,0.0,0.0,0.0,-1.0,1.0,0.0,0.5,0.5,neutral
2026-03-05,0.001100000000000101,-0.0034999999999998366,0.45055,0.4938,-0.010000000000000009,-2975.0,-0.0003332205841737601,-0.07805461369131318,0.0,0.0,0.0,0.0,-1.0,0.0,0.0,0.5,-0.5,neutral
2026-03-06,0.0030999999999998806,0.009500000000000064,0.45665,0.5002000000000002,0.0,-2242.0,6.340253895428805e-05,-0.019744854901125063,0.0,0.0,0.0,0.0,-1.0,0.0,0.0,0.5,-0.5,neutral
2026-03-09,0.024399999999999977,0.04800000000000004,0.4748999999999999,0.5238000000000003,0.030000000000000027,295.0,-0.0037663900823347585,0.7918516329127196,0.0,-2.0,0.0,-1.0,0.0,-1.0,0.0,0.5,-3.5,bearish
2026-03-10,0.00010000000000021103,0.0036000000000000476,0.47550000000000003,0.5273000000000001,0.0,52.0,8.1031425966549e-05,-0.24323317565711905,0.0,0.0,0.0,0.0,0.0,0.0,0.0,0.5,0.5,neutral
2026-03-11,0.0020000000000000018,0.017499999999999627,0.4800500000000001,0.5427999999999997,0.020000000000000018,-140.0,-0.0006585282716082552,-0.22264539621740206,0.0,0.0,0.0,0.0,0.0,0.0,0.0,0.5,0.5,neutral
2026-03-12,-0.0023000000000001908,-0.00990000000000002,0.48534999999999995,0.5351999999999999,0.0,15.0,0.0005037630359402967,0.13186176300968475,0.0,0.0,0.0,0.0,0.0,1.0,0.0,0.5,1.5,neutral
2026-03-13,0.009100000000000108,0.026100000000000012,0.49070000000000014,0.5521999999999998,-0.017800000000000038,-73.0,-0.000796700407664247,-0.12220580324721228,0.0,-2.0,0.0,0.0,0.0,0.0,0.0,0.5,-1.5,neutral
2026-03-16,0.016899999999999915,0.025200000000000333,0.5042499999999999,0.5605000000000002,0.007800000000000029,888.0,-0.0016270881490096922,0.3878203584404068,0.0,-2.0,0.0,0.0,1.0,-1.0,0.0,0.5,-1.5,neutral
2026-03-17,0.00019999999999997797,-0.011100000000000332,0.5146999999999999,0.5491999999999999,-0.010000000000000009,115.0,0.0005950411392391386,-0.2857094323933947,0.0,0.0,0.0,0.0,0.0,0.0,0.0,0.5,0.5,neutral
2026-03-18,-0.013900000000000023,-0.019899999999999807,0.5105499999999998,0.5432000000000001,0.0,-60.0,0.0011976703334962702,0.1521322736411021,0.0,2.0,0.0,0.0,0.0,1.0,0.0,0.5,3.5,bullish
2026-03-19,0.00770000000000004,0.030299999999999994,0.52325,0.5658000000000001,-0.030000000000000027,-115.0,0.0006524058739820759,0.2035980263701033,0.0,0.0,0.0,1.0,0.0,1.0,0.0,0.5,2.5,bullish
2026-03-20,0.0047000000000001485,-0.0028999999999999027,0.5289500000000003,0.5582,0.010000000000000009,-170.0,-0.0014442816411817105,-0.026316354401414842,0.0,0.0,0.0,0.0,0.0,0.0,0.0,0.5,0.5,neutral
2026-03-23,0.0016999999999998128,-0.015099999999999891,0.5250499999999998,0.5414000000000003,0.0,-1293.0,-0.00021715462042615208,0.3465952632326973,0.0,0.0,0.0,0.0,-1.0,-1.0,0.0,0.5,-1.5,neutral
2026-03-24,-0.0043999999999999595,-0.027300000000000324,0.5222499999999999,0.5185,0.0,-335.0,0.0013242111967741166,-0.2283475798349775,0.0,0.0,0.0,0.0,0.0,0.0,0.0,0.5,0.5,neutral
2026-03-25,-0.0039000000000000146,0.0,0.5185,0.5224,0.020000000000000018,580.0,7.332596123293955e-05,-0.23007143078458586,0.0,0.0,0.0,-1.0,1.0,0.0,0.0,0.5,0.5,neutral
2026-03-26,-0.0039000000000000146,0.004100000000000215,0.5232000000000001,0.5304000000000002,-0.010000000000000009,2110.0,0.0009598798850578572,0.026026950504920814,0.0,0.0,0.0,0.0,1.0,1.0,0.0,0.5,2.5,bullish
2026-03-27,-0.0021999999999999797,-0.00010000000000021103,0.5298999999999998,0.5325,0.0,1257.0,-0.0006667874242888838,0.03308007980979433,0.0,0.0,0.0,0.0,1.0,-1.0,0.0,0.5,0.5,neutral
2026-03-30,-0.01089999999999991,-0.02110000000000012,0.5541500000000001,0.5222999999999998,-0.010000000000000009,2615.0,0.001677725267293928,0.27717095250676793,0.0,2.0,0.0,0.0,1.0,1.0,0.0,0.5,4.5,bullish
2026-03-31,0.01079999999999992,0.0235000000000003,0.5520999999999998,0.5350000000000001,0.0,150.0,0.0005674156432483035,-0.09604584351583921,0.0,-2.0,0.0,0.0,0.0,0.0,0.0,0.0,-2.0,bearish
2026-04-01,0.007300000000000084,0.014599999999999724,0.5425,0.5422999999999998,-0.010000000000000009,-780.0,-0.001283530080661316,0.262331266429833,0.0,0.0,0.0,0.0,-1.0,-1.0,0.0,0.0,-2.0,bearish
2026-04-02,-0.0035000000000000586,0.006600000000000161,0.5354999999999999,0.5524,-0.020000000000000018,-2235.0,-0.0002846582243183904,-0.03462563098457313,0.0,0.0,0.0,0.0,-1.0,0.0,0.0,0.0,-1.0,neutral
2026-04-03,-0.0009999999999998899,-0.0007999999999999119,0.53485,0.5526,-0.04999999999999982,-1452.0,0.0006745130510794617,-0.029505063602574464,0.0,0.0,0.0,1.0,-1.0,0.0,0.0,0.0,0.0,neutral
2026-04-07,-0.0028000000000001357,-0.012799999999999923,0.5349499999999998,0.5426000000000002,-0.010000000000000009,-320.0,0.0010802495427042202,-0.2117247520328585,0.0,0.0,0.0,0.0,0.0,0.0,0.0,0.0,0.0,neutral
2026-04-08,-0.0034999999999998366,-0.02200000000000024,0.5264500000000001,0.5240999999999998,-0.010000000000000009,0.0,0.0010998054007016478,0.13896315019676672,0.0,0.0,0.0,0.0,0.0,1.0,0.0,0.0,1.0,neutral
2026-04-09,0.005599999999999827,0.0016000000000002679,0.5362,0.5201000000000002,0.0,0.0,0.0003214302632806032,0.2230943051825251,0.0,0.0,0.0,0.0,0.0,1.0,0.0,0.0,1.0,neutral
2026-04-10,-0.006399999999999961,-0.033800000000000274,0.52745,0.4926999999999999,0.010000000000000009,10.0,0.00038962487051427686,0.041540310456333926,0.0,0.0,0.0,0.0,0.0,1.0,0.0,0.0,1.0,neutral
2026-04-13,-0.019500000000000073,-0.02389999999999981,0.5179499999999999,0.4883000000000002,0.020000000000000018,,0.0014217459096875773,-0.07126873523518462,0.0,2.0,0.0,-1.0,0.0,0.0,0.0,0.0,1.0,neutral
2026-04-14,-0.010399999999999965,-0.001100000000000101,0.5122499999999999,0.49760000000000004,0.010000000000000009,5.0,0.0008309201927094167,0.26756477420452396,0.0,2.0,0.0,0.0,0.0,1.0,0.0,0.0,3.0,bullish
2026-04-15,-0.0020000000000000018,-0.0020999999999999908,0.5288999999999999,0.49750000000000005,-0.010000000000000009,0.0,0.0003704424975855547,-0.09979717409475151,0.0,0.0,0.0,0.0,0.0,0.0,0.0,0.0,0.0,neutral
2026-04-16,0.00029999999999996696,0.0026000000000001577,0.5307,0.49980000000000024,-0.030000000000000027,0.0,-0.000595884046279832,-0.030310544630666205,0.0,0.0,0.0,1.0,0.0,0.0,0.0,0.0,1.0,neutral
2026-04-17,-0.018899999999999917,-0.03100000000000014,0.51915,0.4877,-0.020000000000000018,-15.0,0.0022640989632474184,-0.057528071483031705,0.0,2.0,0.0,0.0,0.0,0.0,0.0,0.0,2.0,bullish
2026-04-20,0.00039999999999995595,0.005599999999999827,0.5190999999999999,0.4928999999999999,0.010000000000000009,0.0,5.83235625007672e-05,-0.13119229612270714,0.0,0.0,0.0,-1.0,0.0,0.0,0.0,0.0,-1.0,neutral
2026-04-21,-0.011700000000000044,-0.018100000000000005,0.5141499999999999,0.48649999999999993,0.0,40.0,0.0012498281596621807,0.06576925053544161,0.0,2.0,0.0,0.0,0.0,1.0,0.0,0.0,3.0,bullish
2026-04-22,-0.0121,-0.023800000000000043,0.5117,0.4747999999999999,0.0,55.0,0.0015648115613297042,0.005954925660780746,0.0,2.0,0.0,0.0,0.0,1.0,0.0,0.0,3.0,bullish
2026-04-23,0.015900000000000025,0.021600000000000286,0.5341,0.48050000000000015,0.0,0.0,-0.0007574631652163821,0.126556517242298,0.0,-2.0,0.0,0.0,0.0,-1.0,0.0,0.0,-3.0,bearish
2026-04-24,0.005300000000000082,0.0118999999999998,0.54925,0.48709999999999987,-0.010000000000000009,45.0,-0.001300289676739702,0.15008730489821373,0.0,0.0,0.0,0.0,0.0,-1.0,0.0,0.0,-1.0,neutral
2026-04-27,0.009600000000000053,0.008500000000000174,0.5486,0.486,0.040200000000000014,2180.0,-0.0023159004980410347,0.11940981051706324,0.0,-2.0,0.0,-1.0,1.0,-1.0,0.0,0.0,-3.0,bearish
2026-04-28,-0.0042999999999999705,-0.013700000000000045,0.54175,0.4765999999999999,0.009800000000000031,385.0,0.0009690305240105945,-0.1753117857835897,0.0,0.0,0.0,0.0,0.0,0.0,0.0,0.0,0.0,neutral
2026-04-29,-0.02100000000000013,-0.02300000000000013,0.5237999999999998,0.4745999999999999,0.019999999999999796,199.0,0.0008259253153105051,-0.15535515025276742,0.0,2.0,0.0,-1.0,0.0,0.0,0.0,0.0,1.0,neutral
2026-04-30,0.0029000000000001247,-0.0009999999999998899,0.5262000000000002,0.4706999999999999,0.010000000000000009,1257.0,-0.0007965076632467927,0.05210165315492595,0.0,0.0,0.0,-1.0,1.0,-1.0,0.0,0.0,-1.0,neutral
2026-05-06,0.018100000000000005,0.020999999999999908,0.5322,0.4735999999999998,-0.029999999999999805,1.0,-0.0014530337367302804,0.3316905768833725,0.0,-2.0,0.0,1.0,0.0,-1.0,0.0,0.0,-2.0,bearish
2026-05-07,-0.0023000000000001908,-0.0009999999999998899,0.5279,0.4749000000000001,0.0,-992.0,0.0003967062117433695,-0.3104408902663773,0.0,0.0,0.0,0.0,-1.0,0.0,0.0,0.0,-1.0,neutral
2026-05-08,0.0017000000000000348,0.00749999999999984,0.5241499999999999,0.4806999999999999,-0.010000000000000009,,0.00020405589082206355,0.1399703420277255,0.0,0.0,0.0,0.0,0.0,1.0,0.0,0.0,1.0,neutral
2026-05-11,-0.0025999999999999357,-0.009399999999999853,0.52125,0.4739,-0.010000000000000009,,0.0010678681800704304,0.21947918668358452,0.0,0.0,0.0,0.0,0.0,1.0,0.0,0.0,1.0,neutral
2026-05-12,-0.0029999999999998916,-0.0040999999999997705,0.5174500000000002,0.4728000000000001,-0.040000000000000036,,0.0009006896293152766,-0.11453372756974078,0.0,0.0,0.0,1.0,0.0,0.0,0.0,0.0,1.0,neutral
2026-05-13,-0.007800000000000029,0.0019999999999997797,0.5037,0.4825999999999999,-0.010000000000000009,-255.0,0.0006562458314293695,0.009479752481532416,0.0,0.0,0.0,0.0,0.0,1.0,0.0,0.0,1.0,neutral
2026-05-14,0.007399999999999851,0.007000000000000117,0.5059,0.4822000000000002,0.010000000000000009,-265.0,-0.000428799427444726,-0.01014293328824015,0.0,-2.0,0.0,-1.0,0.0,0.0,0.0,0.0,-3.0,bearish
2026-05-15,0.007000000000000117,0.01200000000000001,0.51665,0.4872000000000001,0.0,0.0,3.4185310820278314e-05,0.14905002393512307,0.0,0.0,0.0,0.0,0.0,1.0,0.0,0.0,1.0,neutral
2026-05-18,-0.007300000000000084,-0.008999999999999897,0.5103,0.48550000000000026,0.020000000000000018,5.0,0.0006834790475048202,0.13677267594724027,0.0,0.0,0.0,-1.0,0.0,1.0,0.0,0.0,0.0,neutral
2026-05-19,-0.02400000000000002,-0.02300000000000013,0.4938499999999999,0.48650000000000015,-0.010000000000000009,0.0,0.001976258608461623,-0.14074800719425404,0.0,2.0,0.0,0.0,0.0,0.0,0.0,0.0,2.0,bullish
2026-05-20,0.0037000000000000366,0.010099999999999998,0.5048499999999998,0.4929000000000001,0.010000000000000009,495.0,0.00018554990098329505,-0.08266086288319864,0.0,0.0,0.0,-1.0,0.0,0.0,0.0,0.0,-1.0,neutral
2026-05-21,0.006599999999999939,-0.00010000000000021103,0.5126999999999999,0.48619999999999997,-0.006900000000000128,995.0,-0.001064915489262741,0.22396385566382251,0.0,0.0,0.0,0.0,1.0,-1.0,0.0,0.0,0.0,neutral
2026-05-22,0.007100000000000106,0.0035000000000002807,0.5133999999999999,0.48260000000000014,0.036900000000000155,1525.0,0.0003678694822923101,-0.0071359860385878104,0.0,0.0,0.0,-1.0,1.0,0.0,0.0,0.0,0.0,neutral
2026-05-25,-0.0035000000000000586,-0.008500000000000174,0.5097499999999999,0.4776,0.039999999999999813,2570.0,0.0008019428626411251,0.07618226150126742,0.0,0.0,0.0,-1.0,1.0,1.0,0.0,0.0,1.0,neutral
2026-05-26,-0.007900000000000018,-0.00550000000000006,0.5043499999999999,0.48,-0.01729999999999987,2485.0,0.0006007012016491231,0.04682656672404161,0.0,2.0,0.0,1.0,1.0,1.0,0.0,0.0,5.0,bullish
2026-05-27,-0.018899999999999917,-0.012499999999999734,0.4978500000000001,0.48640000000000017,-0.008800000000000141,1276.0,0.0006898537849455155,-0.05351053367722414,0.0,2.0,0.0,0.0,1.0,0.0,0.0,0.0,3.0,bullish
2026-05-28,-0.0022999999999999687,0.0014999999999996128,0.5097499999999999,0.49019999999999975,-0.013899999999999801,13.0,0.0008115129231755502,-0.0764734610464415,0.0,0.0,0.0,1.0,0.0,0.0,0.0,0.0,1.0,neutral
2026-05-29,-0.010299999999999976,-0.0044999999999997264,0.49485,0.496,0.029999999999999805,-300.0,0.0009307519871640246,0.05626000968453159,0.0,2.0,0.0,-1.0,0.0,1.0,0.0,0.0,2.0,bullish
2026-06-01,-0.007000000000000117,-0.014499999999999957,0.47639999999999993,0.48850000000000016,-0.019999999999999796,-2470.0,0.0006598574384925615,-0.0643979689873833,0.0,0.0,0.0,1.0,-1.0,0.0,0.0,0.0,0.0,neutral
2026-06-02,0.0019000000000000128,0.0015000000000000568,0.47629999999999995,0.4881000000000002,-0.010000000000000009,-2488.0,0.0002885914152492841,-0.16044242188056523,0.0,0.0,0.0,0.0,-1.0,0.0,0.0,0.0,-1.0,neutral
2026-06-03,0.008599999999999941,0.012499999999999734,0.4784999999999999,0.492,0.0,-1776.0,-0.000886993295877575,0.18773134673622568,0.0,-2.0,0.0,0.0,-1.0,-1.0,0.0,0.0,-4.0,bearish
2026-06-04,-0.004999999999999893,-0.013500000000000068,0.47029999999999994,0.4834999999999998,0.0,-1013.0,0.0010164072854617623,-0.05282547236646392,0.0,0.0,0.0,0.0,-1.0,0.0,0.0,0.0,-1.0,neutral
2026-06-05,0.013199999999999878,0.013000000000000345,0.48309999999999986,0.4833000000000003,0.029999999999999805,-1230.0,-0.000875678541353786,0.22877723699885932,-0.4444444444444444,-2.0,0.0,-1.0,-1.0,-1.0,-1.0,0.0,-6.0,bearish
2026-06-08,0.006800000000000139,0.008999999999999897,0.4688000000000001,0.48550000000000004,0.020000000000000018,-110.0,-0.001059360923851671,0.15503532965241487,-0.8,0.0,0.0,-1.0,0.0,-1.0,-1.0,0.0,-3.0,bearish
2026-06-09,0.010099999999999998,0.007000000000000117,0.4670000000000001,0.48240000000000016,0.010000000000000009,-2.0,-0.0010603355612204546,-0.25767040662080687,-0.3333333333333333,-2.0,0.0,-1.0,0.0,0.0,-1.0,0.0,-4.0,bearish
2026-06-10,0.008999999999999897,0.01499999999999968,0.4635,0.48839999999999995,0.0,1590.0,-0.0017619313803009795,0.2248785377174517,0.0,-2.0,0.0,0.0,1.0,-1.0,0.0,0.0,-2.0,bearish
2026-06-11,0.001000000000000112,0.002200000000000202,0.46009999999999995,0.48960000000000004,0.03300000000000014,1885.0,-0.0011014855895544462,-0.049720100263313305,-0.2857142857142857,0.0,0.0,-1.0,1.0,0.0,-1.0,0.0,-1.0,neutral
2026-06-12,-0.0051000000000001044,-0.014699999999999935,0.44689999999999985,0.4800000000000002,0.016999999999999904,-2150.0,0.0009711021598997338,-0.0013841872113640923,-0.2727272727272727,0.0,0.0,-1.0,-1.0,0.0,-1.0,0.0,-3.0,bearish
2026-06-15,0.001000000000000112,-0.0015000000000000568,0.44230000000000014,0.47750000000000004,0.0,3815.0,0.0008898915232916083,-0.08186318187490131,-0.2,0.0,0.0,0.0,1.0,0.0,0.0,0.0,1.0,neutral
2026-06-16,-0.011400000000000077,-0.0030000000000001137,0.4489000000000001,0.4859,0.030000000000000027,-1530.0,0.0013753813078740684,0.0861939725249041,-0.4,2.0,0.0,-1.0,-1.0,1.0,-1.0,0.0,0.0,neutral
2026-06-17,-0.005099999999999882,0.000500000000000167,0.4608000000000001,0.49150000000000005,-0.030000000000000027,-1885.0,0.0008341512385624528,-0.16760236457879898,-0.16666666666666666,0.0,0.0,1.0,-1.0,0.0,0.0,0.0,0.0,neutral
2026-06-18,0.0004999999999999449,0.0005999999999999339,0.48330000000000006,0.49160000000000004,0.0,-1885.0,0.0003206266602466812,-0.14941513376608204,-0.16666666666666666,0.0,0.0,0.0,-1.0,0.0,0.0,0.0,-1.0,neutral
2026-06-22,0.009400000000000075,0.0019999999999997797,0.4832000000000001,0.48419999999999974,0.010000000000000009,-4250.0,0.000457680093861379,0.2976572760617329,-0.5,-2.0,0.0,0.0,-1.0,1.0,-1.0,0.0,-3.0,bearish
2026-06-23,0.005599999999999827,0.007000000000000117,0.4818,0.48560000000000003,0.010000000000000009,-20.0,-0.0013077995521243169,-0.0602212265891663,-0.75,0.0,0.0,0.0,0.0,0.0,-1.0,0.0,-1.0,neutral
2026-06-24,0.0027000000000001467,0.0030000000000001137,0.4890000000000001,0.4859,0.06610000000000005,-4203.0,-4.953135151819499e-05,-0.10856617442276309,-0.25,0.0,0.0,-1.0,-1.0,0.0,0.0,0.0,-2.0,bearish
2026-06-25,-0.008800000000000141,-0.010000000000000231,0.4826999999999999,0.4846999999999999,-0.03610000000000002,1225.0,0.0010105677616655817,0.41513075074998407,0.0,2.0,0.0,1.0,1.0,1.0,0.0,0.0,5.0,bullish
2026-06-26,-0.0041999999999999815,-0.0015000000000000568,0.486,0.48739999999999983,-0.040000000000000036,,0.000600345758382137,-0.1962359511052291,-0.14285714285714285,0.0,0.0,1.0,0.0,0.0,0.0,0.0,1.0,neutral
2026-06-29,-0.016799999999999926,-0.012099999999999778,0.48039999999999994,0.4921,-0.020000000000000018,3000.0,0.0009814011843735648,0.0625736343140266,-0.6666666666666666,2.0,0.0,1.0,1.0,1.0,-1.0,0.0,4.0,bullish
2026-06-30,0.014599999999999946,0.028500000000000192,0.4878,0.5060000000000002,0.0,6000.0,-0.0016619807401539455,0.0901699943294238,-0.3333333333333333,-2.0,0.0,0.0,1.0,-1.0,-1.0,0.0,-3.0,bearish
2026-07-01,0.014000000000000012,0.017499999999999627,0.47229999999999994,0.5094999999999998,0.010000000000000009,-6625.0,-0.0018840508573003123,0.18221798930832717,-0.3333333333333333,-2.0,0.0,0.0,-1.0,-1.0,-1.0,0.0,-5.0,bearish
2026-07-02,-0.006199999999999983,0.0045000000000001705,0.4858,0.5202,-0.030000000000000027,-3705.0,0.00045350237566066376,-0.36309117850592254,-0.4,0.0,0.0,1.0,-1.0,0.0,-1.0,0.0,-1.0,neutral
2026-07-03,0.00869999999999993,0.012599999999999945,0.49939999999999984,0.5241,-0.04269999999999996,-2315.0,-0.0006509332690143033,0.12366904291344746,-0.375,-2.0,0.0,1.0,-1.0,-1.0,-1.0,0.0,-4.0,bearish
2026-07-06,-0.009700000000000042,-0.01609999999999978,0.49229999999999996,0.5177000000000003,0.0026999999999999247,-1575.0,0.0011164100347393902,-0.11405361564043552,-0.5,2.0,0.0,0.0,-1.0,0.0,-1.0,0.0,0.0,neutral
2026-07-07,0.0036000000000000476,0.005999999999999783,0.49109999999999987,0.5201,-0.010000000000000009,-695.0,5.288625402677383e-05,0.05315970949803492,0.0,0.0,0.0,0.0,-1.0,1.0,0.0,0.0,0.0,neutral
2026-07-08,-0.0032999999999998586,-0.00550000000000006,0.4881,0.5178999999999998,0.0,-1000.0,0.0011600190036147318,0.246597044411264,-0.5454545454545454,0.0,0.0,0.0,-1.0,1.0,-1.0,0.0,-1.0,neutral
2026-07-09,0.0008999999999999009,-0.0034999999999998366,0.484,0.5135000000000001,0.0,-2885.0,-0.00029466148627352307,-0.292140437753948,-0.5,0.0,0.0,0.0,-1.0,0.0,-1.0,0.0,-2.0,bearish
2026-07-10,0.0005999999999999339,0.0015000000000000568,0.47829999999999995,0.5144000000000002,0.0,-630.0,1.7568832892472797e-05,0.1462113974157201,-0.6,0.0,0.0,0.0,-1.0,1.0,-1.0,0.0,-1.0,neutral
2026-07-13,0.0041999999999999815,0.008999999999999897,0.47629999999999995,0.5192000000000001,0.019000000000000128,-70.0,-0.0009757650607001567,0.157695776982473,-0.14285714285714285,0.0,0.0,-1.0,0.0,-1.0,0.0,0.0,-2.0,bearish
2026-07-14,-0.0024999999999999467,-0.006000000000000227,0.4666999999999999,0.5156999999999998,0.0009999999999998899,-100.0,0.00013945523546288197,0.08334931080732663,-0.5,0.0,0.0,0.0,0.0,1.0,-1.0,0.0,0.0,neutral
2026-07-15,-0.0005999999999999339,-0.009999999999999787,0.4683999999999999,0.5063,0.020000000000000018,-150.0,-1.0181769570960508e-05,-0.2559276000928279,-0.16666666666666666,0.0,0.0,-1.0,0.0,0.0,0.0,0.0,-1.0,neutral
2026-07-16,0.0039000000000000146,0.00550000000000006,0.4731000000000001,0.5079,0.01100000000000012,-100.0,-0.0008734461607750599,0.19967501550323102,-0.8333333333333334,0.0,0.0,0.0,0.0,-1.0,-1.0,0.0,-2.0,bearish
2026-07-17,-0.0039000000000000146,-0.00749999999999984,0.4736,0.5043000000000002,0.0038000000000000256,10465.0,0.0007851930858302492,0.08290323042300766,0.0,0.0,0.0,0.0,1.0,1.0,0.0,0.0,2.0,bullish
2026-07-20,0.0046999999999999265,0.005499999999999616,0.4748999999999999,0.5050999999999999,-0.0048000000000001375,-2240.0,-0.0007545048698633372,-0.1594187700043215,-0.3333333333333333,0.0,0.0,0.0,-1.0,0.0,-1.0,0.0,-2.0,bearish
2026-07-21,0.00039999999999995595,-0.0017000000000000348,0.47529999999999983,0.5029999999999999,-0.030000000000000027,-2365.0,0.0005519270780847685,0.004729830652849657,-0.25,0.0,0.0,1.0,-1.0,1.0,0.0,0.0,1.0,neutral
2026-07-22,-0.01429999999999998,-0.03479999999999972,0.46409999999999996,0.48250000000000015,-0.00649999999999995,-4265.0,0.0022022149913266675,0.5530129953210852,-0.3333333333333333,2.0,0.0,0.0,-1.0,1.0,-1.0,0.0,1.0,neutral
2026-07-23,0.0012000000000000899,-0.008000000000000007,0.4618,0.47330000000000005,-0.0035000000000000586,-6260.0,3.723399373029013e-05,0.09776091890360383,-0.5555555555555556,0.0,0.0,0.0,-1.0,1.0,-1.0,0.0,-1.0,neutral
2026-07-24,-0.0037000000000000366,-0.020000000000000018,0.45479999999999987,0.4570000000000001,0.010000000000000009,-4505.0,0.000565114162937641,-0.2296714197548545,0.0,0.0,0.0,0.0,-1.0,0.0,0.0,0.0,-1.0,neutral
2026-07-27,0.005700000000000038,0.008000000000000007,0.46540000000000004,0.45930000000000004,0.024900000000000144,,0.00011613576547264692,-0.0037040928849108694,-1.0,0.0,0.0,-1.0,0.0,0.0,-1.0,0.0,-2.0,bearish
2026-07-28,0.0015000000000000568,0.0019999999999997797,0.46630000000000016,0.45979999999999976,0.03509999999999991,-2530.0,-0.00037786940774217626,-0.20673777682825145,-0.25,0.0,0.0,-1.0,-1.0,0.0,0.0,0.0,-2.0,bearish
2026-07-29,-0.0026000000000001577,0.01100000000000012,0.46399999999999997,0.47340000000000004,0.040000000000000036,-760.0,-0.00041071825093944025,0.24951566246927687,-0.5,0.0,0.0,-1.0,-1.0,-1.0,-1.0,0.0,-4.0,bearish
2026-07-30,-0.013199999999999878,-0.021999999999999797,0.4575,0.4646000000000001,-0.050000000000000044,-2040.0,0.0021322711861387345,0.30377570237662566,-0.6,2.0,0.0,1.0,-1.0,1.0,-1.0,0.0,2.0,bullish
2026-07-31,-0.006800000000000139,0.0029999999999996696,0.45219999999999994,0.47439999999999993,0.0,-890.0,0.0012300632973512027,-0.12639787140281133,-0.08333333333333333,0.0,0.0,0.0,-1.0,0.0,0.0,0.5,-0.5,neutral
2026-08-03,0.0045000000000001705,0.0020999999999999908,0.4525000000000001,0.47199999999999975,-0.030000000000000027,,-0.00015867500344396435,-0.04689286439051869,-0.1111111111111111,0.0,0.0,1.0,0.0,0.0,0.0,0.5,1.5,neutral
2026-08-04,-0.0050000000000001155,-0.006999999999999673,0.4515,0.4700000000000002,-0.040000000000000036,-3055.0,0.000913263110905338,-0.009187529505475987,-0.42857142857142855,0.0,0.0,1.0,-1.0,0.0,-1.0,0.5,-0.5,neutral
2026-08-05,0.001000000000000112,0.00550000000000006,0.45640000000000014,0.47450000000000014,-0.009999999999999787,-2065.0,-0.0002993797148772015,-0.043743711374907394,-0.5,0.0,0.0,0.0,-1.0,0.0,-1.0,0.5,-1.5,neutral
2026-08-06,0.0010999999999998789,-0.00010000000000021103,0.4595,0.47330000000000005,0.009999999999999787,-2705.0,-9.04726333108008e-05,0.014767738861919953,-0.1111111111111111,0.0,0.0,0.0,-1.0,-1.0,0.0,0.5,-1.5,neutral
2026-08-07,-0.0028999999999999027,-0.009700000000000042,0.4566000000000001,0.4664999999999999,0.0,-1340.0,0.0009243394736431765,0.02460508392944635,-0.25,0.0,0.0,0.0,-1.0,1.0,0.0,0.5,0.5,neutral
2026-08-10,-0.0043999999999999595,-0.020199999999999996,0.45710000000000006,0.4506999999999999,0.020000000000000018,-630.0,0.0009226852006892772,0.00016513937117749317,0.0,0.0,0.0,-1.0,-1.0,1.0,0.0,0.5,-0.5,neutral
2026-08-11,0.008000000000000007,0.011499999999999844,0.4615,0.4541999999999997,-0.010000000000000009,-465.0,-0.0007938252830650694,0.09104962648098484,-0.2,-2.0,0.0,0.0,0.0,-1.0,0.0,0.5,-2.5,bearish
2026-08-12,-0.0018000000000000238,0.0040000000000000036,0.4678,0.45999999999999974,0.0,-50.0,-0.0001924958690531775,-0.07315129743018509,-0.125,0.0,0.0,0.0,0.0,0.0,0.0,0.5,0.5,neutral
2026-08-13,-0.009000000000000119,-0.0129999999999999,0.4655,0.45599999999999996,0.010000000000000009,-10.0,0.0010115682334925213,0.030678262344301654,-0.4,2.0,0.0,0.0,0.0,1.0,-1.0,0.5,2.5,bullish
2026-08-14,-0.007900000000000018,0.0030000000000001137,0.46629999999999994,0.4669000000000001,-0.020000000000000018,-10000.0,0.0005480748565229177,0.0357610488207689,-0.2222222222222222,2.0,0.0,1.0,-1.0,1.0,0.0,0.5,3.5,bullish
2026-08-17,-0.0038000000000000256,-0.000700000000000145,0.46609999999999996,0.47,0.0,-180.0,-0.0002639073869554198,0.062061415201166606,-0.5,0.0,0.0,0.0,0.0,-1.0,-1.0,0.5,-1.5,neutral
2026-08-18,-0.006999999999999895,-0.01200000000000001,0.45940000000000003,0.46499999999999986,-0.007399999999999851,0.0,0.001012175682482408,0.16346703794511463,-0.625,0.0,0.0,0.0,0.0,1.0,-1.0,0.5,0.5,neutral
2026-08-19,-0.005400000000000071,-0.007899999999999796,0.45530000000000004,0.46250000000000013,0.007399999999999851,0.0,-0.000843436915686252,0.010462328499007776,0.0,0.0,0.0,0.0,0.0,-1.0,0.0,0.5,-0.5,neutral
2026-08-20,0.0030000000000001137,-0.010499999999999954,0.4506000000000001,0.44900000000000007,0.0,0.0,-0.0009126939848531912,0.29823908544992167,-0.4166666666666667,0.0,0.0,0.0,0.0,-1.0,-1.0,0.5,-1.5,neutral
2026-08-21,0.0026999999999999247,0.0,0.4485999999999999,0.44630000000000014,0.050000000000000044,950.0,-0.00023809362892501795,0.039451465633381255,-0.4166666666666667,0.0,0.0,-1.0,1.0,-1.0,-1.0,0.5,-1.5,neutral
2026-08-24,-0.006299999999999972,-0.009500000000000064,0.4456,0.44310000000000005,0.0,,0.001084008999012176,-0.13892456033295608,-0.25,2.0,0.0,0.0,0.0,0.0,0.0,0.5,2.5,bullish
2026-08-25,0.0020999999999999908,0.00649999999999995,0.4533499999999999,0.4475,0.020000000000000018,3860.0,-0.0004233974385165762,-0.2558920112523822,-0.3333333333333333,0.0,0.0,-1.0,1.0,0.0,-1.0,0.5,-0.5,neutral
2026-08-26,0.0050000000000001155,0.004999999999999893,0.4500000000000002,0.4474999999999998,-0.030000000000000027,2395.0,-0.0008208075559287265,0.2743423198454346,-0.25,-2.0,0.0,1.0,1.0,-1.0,0.0,0.5,-0.5,neutral
2026-08-27,0.012199999999999989,0.01200000000000001,0.44820000000000015,0.4472999999999998,-0.030000000000000027,1030.0,-0.0020836338554746092,0.1169618739943048,-0.6,-2.0,0.0,1.0,1.0,-1.0,-1.0,0.5,-1.5,neutral
2026-08-28,-0.0039000000000000146,0.002000000000000224,0.4393,0.45320000000000005,-0.010000000000000009,-950.0,-0.0003421872973286,-0.21822026933866281,-0.5833333333333334,0.0,0.0,0.0,-1.0,0.0,-1.0,0.5,-1.5,neutral
2026-08-31,-0.006900000000000128,0.0009999999999998899,0.43469999999999986,0.46110000000000007,0.030000000000000027,-3350.0,0.00037972964748908544,-0.19948105014563866,0.0,2.0,0.0,-1.0,-1.0,0.0,0.0,0.0,0.0,neutral
2026-09-01,-0.0040999999999999925,-0.01100000000000012,0.4414,0.45419999999999994,-0.020000000000000018,-3810.0,0.0009335126035792118,-0.006962196954386097,0.0,0.0,0.0,0.0,-1.0,0.0,0.0,0.0,-1.0,neutral
2026-09-02,0.0016000000000000458,0.00649999999999995,0.44399999999999995,0.45909999999999984,-0.010000000000000009,-2395.0,-0.0007211985763475592,-0.00464741604424408,0.0,0.0,0.0,0.0,-1.0,0.0,0.0,0.0,-1.0,neutral
2026-09-03,-0.0047999999999999154,-0.012499999999999734,0.44420000000000015,0.4514,-0.009999999999999787,-1030.0,0.0014840323649648601,0.19744725042676486,0.5,0.0,0.0,0.0,-1.0,1.0,1.0,0.0,1.0,neutral
2026-09-04,-0.000300000000000189,0.0019999999999997797,0.43689999999999984,0.4537,0.0,-200.0,-0.00033667058752848145,-0.0871718493058651,0.5,0.0,0.0,0.0,0.0,0.0,1.0,0.0,1.0,neutral
